feature,weight
cours,-0.03
well,3.469446951953614e-18
dollarnumb,0.13999999999999999
that,-0.08
com,0.05
an,-0.009999999999999997
registr,0.060000000000000005
announc,-0.09999999999999999
excit,0.009999999999999997
easi,0.09999999999999999
access,0.060000000000000005
biz,0.0
panel,0.0
net,0.04000000000000001
manag,-0.10999999999999999
e,0.05
rememb,0.01
same,-0.03
regist,-0.030000000000000006
much,0.020000000000000004
by,-0.04000000000000001
click,0.2700000000000001
can,-0.020000000000000004
httpaddr,0.18000000000000002
or,-0.05000000000000001
here,0.19000000000000003
from,-0.12999999999999998
number,0.25000000000000006
mail,0.03
fee,0.019999999999999997
remov,0.18000000000000002
it,-0.04
public,-0.019999999999999997
will,0.13999999999999999
full,-0.07
is,-0.020000000000000004
origin,-0.060000000000000005
and,-0.12999999999999998
ar,0.019999999999999997
biggest,-0.03
promot,0.05
compani,0.009999999999999997
at,-0.04
thi,0.060000000000000005
domain,-0.04
you,0.11999999999999998
for,-0.010000000000000004
just,0.009999999999999997
attract,0.03
right,-0.020000000000000004
were,-0.09999999999999999
avail,-0.07
control,-0.04
name,0.04
the,-0.020000000000000004
new,-0.009999999999999997
final,0.07
afford,-3.469446951953614e-18
price,0.15
as,-0.11999999999999998
of,-0.10999999999999999
these,0.09
easier,0.0
i,-0.15
includ,-0.010000000000000004
be,0.07
on,-0.13999999999999999
current,-0.04
extens,-0.03
us,-0.10999999999999999
recent,-0.030000000000000006
to,0.09999999999999999
gener,0.010000000000000004
in,0.019999999999999997
info,0.020000000000000004
your,0.19000000000000003
visit,0.07
administr,-0.10999999999999999
have,0.019999999999999997
now,0.09
address,-3.469446951953614e-18
todai,0.009999999999999997
approv,-0.04
futur,0.05
benefit,0.030000000000000006
sincer,0.12999999999999998
email,0.11999999999999998
more,-0.009999999999999997
further,0.09
brand,0.03
discount,-0.08
receiv,-0.020000000000000004
tax,0.03
mai,0.11999999999999998
interest,0.10999999999999999
attornei,0.01
do,-0.020000000000000004
present,0.15
also,-0.05
problem,-0.019999999999999997
legal,-0.05000000000000001
client,3.469446951953614e-18
size,0.11999999999999998
bank,0.03
licens,0.05
york,-0.060000000000000005
repli,0.09
process,0.12999999999999998
recogn,0.04
asset,-0.03
state,0.04
take,-0.04
assist,0.11999999999999998
servic,-0.010000000000000004
if,-0.08
monei,0.060000000000000005
our,0.13999999999999999
past,0.07
other,0.010000000000000004
fill,0.07
appli,-0.08
note,-0.10999999999999999
out,0.05
texa,-0.060000000000000005
kept,0.019999999999999997
oblig,-0.02
island,-0.07
appeal,0.07
main,0.03
ani,0.009999999999999997
west,-0.009999999999999997
dai,0.020000000000000004
agent,0.07
pleas,0.23000000000000004
there,-0.09999999999999999
onc,-0.04000000000000001
suppli,-0.020000000000000004
form,0.17
prepar,0.02
trust,-0.019999999999999997
help,0.05
phone,0.03
busi,0.09
fund,0.05
matter,0.060000000000000005
confidenti,0.03
nation,-0.010000000000000004
north,0.03
south,0.04
free,0.019999999999999997
word,-0.019999999999999997
immedi,0.08
offer,0.13999999999999999
up,3.469446951953614e-18
delai,-0.03
strictli,0.03
onli,0.060000000000000005
no,0.09999999999999999
regard,-3.469446951953614e-18
without,-0.010000000000000004
ow,0.019999999999999997
return,-0.07
both,0.05
applic,-0.009999999999999997
we,0.11999999999999998
below,0.12999999999999998
so,0.03
inform,0.060000000000000005
defens,0.02
advertis,-0.009999999999999997
contact,0.07
washington,-0.03
subject,-0.019999999999999997
california,-0.03
wish,-0.07
debt,0.060000000000000005
time,-0.010000000000000004
citizen,0.060000000000000005
direct,-3.469446951953614e-18
protect,-0.010000000000000004
with,0.07
thank,3.469446951953614e-18
nbsp,0.16
useless,0.0
post,-0.10999999999999999
open,-0.04
gari,-0.04
teledynam,-0.02
better,-0.03
comput,-0.05
robert,-0.02
innov,-0.05
me,0.07
thei,-0.04
answer,-0.04
m,-0.07
write,-0.09
sure,-0.020000000000000004
through,0.05000000000000001
commun,-0.07
harlei,-0.03
give,-0.03
r,0.03
system,-0.060000000000000005
but,-0.15
picasso,-0.02
sourc,-0.03
inc,-0.16
pablo,-0.01
murphi,-0.05
share,-0.04
lawrenc,-0.05
than,-0.060000000000000005
all,-3.469446951953614e-18
input,-0.03
thinkgeek,0.05
wai,-0.009999999999999997
principl,-0.019999999999999997
accept,0.019999999999999997
s,-0.060000000000000005
user,-0.060000000000000005
sever,0.07
side,0.030000000000000006
proper,-0.01
razor,-0.07
been,-0.009999999999999997
header,-0.04
instal,-0.08
script,3.469446951953614e-18
spam,-0.12999999999999998
option,-0.05
machin,-0.03
posit,0.03
good,-0.009999999999999997
seem,-0.11999999999999998
come,0.04000000000000001
look,0.05000000000000001
thing,-0.08
try,-0.03
befor,-0.019999999999999997
directori,3.469446951953614e-18
welcom,0.05000000000000001
chang,-0.08
everi,3.469446951953614e-18
wrote,-0.23000000000000007
test,-0.03
sponsor,-0.08
x,-0.009999999999999997
check,0.09
wed,-0.08
far,-0.03
set,-0.09
sf,0.009999999999999997
when,-0.09
ad,0.060000000000000005
emailaddr,0.019999999999999997
own,0.010000000000000004
heaven,0.05
oct,-0.019999999999999997
which,-0.09999999999999999
home,-3.469446951953614e-18
not,-0.09
flag,-0.02
pass,0.019999999999999997
modifi,-0.07
back,0.030000000000000006
send,0.10999999999999999
mount,-0.03
pretti,-0.04
last,-0.04
a,0.09
ve,0.030000000000000006
procmail,-0.03
respons,-0.009999999999999997
member,-0.060000000000000005
report,-0.04
am,0.07
provid,-0.03
spamassassin,-0.10999999999999999
brian,0.01
geek,0.03
list,0.030000000000000006
itself,3.469446951953614e-18
night,-0.04
my,-0.04
think,0.010000000000000004
suppos,-0.060000000000000005
stai,0.05
obviou,-0.03
littl,-0.020000000000000004
some,0.05
un,0.04
delet,0.009999999999999997
filter,-0.05
honest,-0.03
after,0.07
accord,-0.01
maintain,0.060000000000000005
exampl,-0.05
everyon,0.09999999999999999
need,-0.03
quot,-0.060000000000000005
miss,0.030000000000000006
linux,-0.019999999999999997
subscript,-0.060000000000000005
extra,0.02
refer,0.10999999999999999
hard,0.04
would,-0.09
count,-0.02
automat,0.019999999999999997
decid,0.019999999999999997
item,0.060000000000000005
link,-0.09999999999999999
rule,-0.03
singl,0.010000000000000004
what,-0.05
irish,0.019999999999999997
want,0.060000000000000005
group,-0.09
file,-0.060000000000000005
goe,-0.05
manual,-0.03
messag,-0.10999999999999999
t,0.019999999999999997
find,-0.05
doesn,-0.05
isn,-0.07
sai,-0.09999999999999999
notic,-0.060000000000000005
d,-0.019999999999999997
dig,0.0
exact,0.01
low,0.009999999999999997
run,-0.09
then,-0.009999999999999997
such,-0.05000000000000001
around,-0.04
wa,3.469446951953614e-18
turn,-0.07
solicit,0.009999999999999997
account,-0.03
ever,0.09999999999999999
base,-0.03
who,-0.03
author,-0.08
dollar,0.09999999999999999
easili,-0.010000000000000004
georg,0.02
partner,-0.030000000000000006
oper,0.010000000000000004
satisfi,-0.01
sinc,-0.08
god,0.0
although,-0.04
over,0.009999999999999997
unit,-3.469446951953614e-18
hundr,0.060000000000000005
dure,-0.09999999999999999
henc,0.05
parti,0.060000000000000005
soon,0.04
numberm,0.019999999999999997
colleagu,0.0
ha,-0.05
prohibit,-0.04
review,-0.16
great,0.020000000000000004
how,-0.030000000000000006
nigeria,0.03
best,0.09
civil,-0.04
propos,0.009999999999999997
committe,-0.03
abov,0.04
shall,0.07
due,0.04
follow,-0.030000000000000006
know,0.03
discuss,0.009999999999999997
fax,0.08
execut,-0.08
payment,0.07
expens,0.05
center,0.010000000000000004
front,0.009999999999999997
bless,0.01
million,0.05
recommend,0.03
law,0.03
might,0.009999999999999997
transfer,0.09999999999999999
detail,0.05000000000000001
someon,-0.07
contract,0.03
pai,0.09999999999999999
sum,0.04
feder,-0.010000000000000004
surpris,0.019999999999999997
five,0.010000000000000004
seen,0.019999999999999997
thousand,0.08
tune,0.01
central,0.04
usdollarnumb,0.09
caus,-0.03
foreign,0.060000000000000005
power,-0.030000000000000006
opportun,0.10999999999999999
paid,0.11999999999999998
possibl,0.019999999999999997
like,3.469446951953614e-18
get,3.469446951953614e-18
left,-0.04
sep,-0.009999999999999997
mon,0.01
them,-0.05
copyright,-0.11999999999999998
into,-0.020000000000000004
tom,-0.07
enough,-0.060000000000000005
packag,-0.01
peopl,0.07
happen,0.030000000000000006
folk,-0.060000000000000005
behind,-0.04
work,-0.009999999999999997
still,-0.09999999999999999
initi,-0.01
few,-0.03
k,0.019999999999999997
while,-0.009999999999999997
alert,0.019999999999999997
network,-0.09999999999999999
numbermb,-0.04
seek,0.03
award,-0.03
drive,3.469446951953614e-18
camera,-0.060000000000000005
outstand,0.0
next,-0.03
numberx,0.0
seri,-0.05
winner,-0.03
dell,-0.02
processor,0.0
chanc,-0.009999999999999997
juli,-0.07
digit,-0.07
win,-0.009999999999999997
valu,-3.469446951953614e-18
re,-0.060000000000000005
pda,-0.02
shot,-0.03
screen,-0.01
newslett,-0.11999999999999998
faq,-0.060000000000000005
could,3.469446951953614e-18
top,3.469446951953614e-18
bui,0.009999999999999997
tech,-0.09999999999999999
ll,-0.07
reserv,-0.11999999999999998
job,-0.04
april,-0.03
live,-0.05
unsubscrib,-0.060000000000000005
cio,-0.05
zdnet,-0.060000000000000005
rpm,-0.060000000000000005
pc,3.469446951953614e-18
capac,-0.03
ship,0.0
pnumber,-0.01
save,0.05
pocket,-0.03
intel,-0.01
start,-0.020000000000000004
cnet,-0.07
enter,-0.07
numberxnumb,0.060000000000000005
where,-0.060000000000000005
their,-0.020000000000000004
stick,0.0
made,-0.019999999999999997
corpu,0.0
three,-3.469446951953614e-18
devel,-0.07
yahoo,-0.12999999999999998
product,-0.060000000000000005
probabl,-0.03
rather,-0.03
compon,0.01
o,0.05
os,-0.060000000000000005
complet,-0.07
summari,-0.08
end,-3.469446951953614e-18
should,0.010000000000000004
split,-0.02
got,-0.03
overal,0.01
bug,-0.10999999999999999
four,0.05
version,-0.12999999999999998
traffic,0.03
becaus,-0.05
ratio,0.05
platform,0.019999999999999997
six,-0.020000000000000004
watch,-0.009999999999999997
rank,0.03
differ,-0.03
prioriti,-0.019999999999999997
lot,3.469446951953614e-18
put,-0.04000000000000001
enhanc,0.03
normal,0.0
statu,-0.03
bad,3.469446951953614e-18
two,-0.04
score,-0.060000000000000005
guess,-0.08
industri,0.08
most,0.08
place,0.05
hasn,-0.02
bring,-0.060000000000000005
paper,-3.469446951953614e-18
hall,-0.02
g,0.07
even,0.010000000000000004
behalf,0.009999999999999997
did,0.03
nor,-0.03
econom,-0.02
year,0.060000000000000005
team,-0.11999999999999998
import,0.07
titl,0.020000000000000004
nice,-0.019999999999999997
tell,0.010000000000000004
non,-0.030000000000000006
govern,0.060000000000000005
near,-0.09999999999999999
fail,-0.05
poor,-0.019999999999999997
effici,-0.03
statement,-0.03
regul,0.0
impress,-0.019999999999999997
recal,-0.03
lai,0.0
offici,-0.060000000000000005
again,0.009999999999999997
convinc,-0.019999999999999997
too,-0.09
hand,-0.020000000000000004
decad,-0.03
tuesdai,-0.03
stand,-0.010000000000000004
why,0.019999999999999997
worker,-0.02
hi,-0.03
illeg,-0.01
capit,0.04
wasn,-0.05
implement,-0.04
about,-0.03
down,-0.05
ago,-0.060000000000000005
true,0.009999999999999997
confus,0.010000000000000004
billion,0.0
finish,-0.019999999999999997
de,0.07
off,-0.019999999999999997
joseph,0.04
august,-0.10999999999999999
india,-0.019999999999999997
french,0.0
anywher,0.05
googl,-0.08
yet,-0.05
despit,-0.04
hold,-0.060000000000000005
permit,-0.05
close,-0.060000000000000005
spin,-0.060000000000000005
pm,-0.060000000000000005
social,-0.03
els,-0.019999999999999997
specif,0.020000000000000004
routin,-0.019999999999999997
perhap,-0.019999999999999997
varieti,0.0
took,-0.05
came,0.04
certainli,-0.009999999999999997
countri,0.08
keep,-0.030000000000000006
liber,-0.03
mani,0.03
he,0.06000000000000001
guid,-0.019999999999999997
theori,-0.02
must,0.009999999999999997
canada,-0.07
cultur,-0.019999999999999997
polit,-0.08
becam,-0.060000000000000005
telephon,0.03
crash,-0.03
push,0.010000000000000004
classic,-0.04
solut,-0.05
sent,-0.019999999999999997
real,0.08
wors,-0.060000000000000005
america,-0.04
articl,-0.03
properti,-0.01
invest,0.060000000000000005
ten,-0.019999999999999997
someth,-0.11999999999999998
person,0.05000000000000001
read,-0.05
john,-0.009999999999999997
exactli,-0.009999999999999997
franc,-0.010000000000000004
see,0.05
market,0.11999999999999998
popul,-0.01
societi,-0.009999999999999997
lead,-3.469446951953614e-18
onlin,-0.05000000000000001
question,-0.05
numbertnumb,-0.060000000000000005
numberpm,-0.02
url,-0.09999999999999999
tomorrow,-0.07
date,-0.07
heard,0.01
go,-0.04000000000000001
stock,-0.03
month,0.05000000000000001
profit,0.03
sorri,0.019999999999999997
older,-0.02
insid,-0.019999999999999997
c,0.010000000000000004
citi,0.02
profession,0.10999999999999999
amp,0.060000000000000005
latest,-0.11999999999999998
subscrib,-0.08
deal,0.009999999999999997
succe,0.03
world,0.009999999999999997
american,3.469446951953614e-18
street,-0.010000000000000004
san,0.019999999999999997
mobil,-0.019999999999999997
strategi,0.05
st,0.08
ahead,-0.04
credit,0.08
british,0.01
former,-0.060000000000000005
republ,0.04
ceo,-0.05
intellig,-0.01
zip,0.01
card,0.07
minor,-0.01
ventur,0.05
spain,0.019999999999999997
east,0.03
centuri,0.009999999999999997
updat,-0.03
maker,0.01
knowledg,0.0
china,0.05
africa,0.060000000000000005
requir,0.060000000000000005
annual,3.469446951953614e-18
numberst,0.060000000000000005
competit,0.04
analyst,-0.02
select,-0.05
w,-0.07
u,0.09999999999999999
ireland,-0.060000000000000005
first,-0.09999999999999999
field,3.469446951953614e-18
code,-0.09
ag,-0.04000000000000001
v,-0.010000000000000004
postal,0.07
chri,-0.04
express,0.01
error,-0.020000000000000004
unseen,-0.01
int,-0.04
event,0.03
bodi,0.08
ftoc,0.0
procedur,0.01
bound,0.01
had,-0.060000000000000005
build,0.04
button,-0.010000000000000004
relat,-0.009999999999999997
scott,-0.02
folder,-0.02
scan,-3.469446951953614e-18
exmh,-0.02
june,0.05
cv,-0.02
hit,-0.009999999999999997
inbox,-0.01
line,-0.05
command,-0.060000000000000005
within,0.04
fact,-3.469446951953614e-18
felt,0.009999999999999997
jul,-0.04
mention,0.04
develop,-0.019999999999999997
don,0.030000000000000006
numberam,-0.02
basic,0.009999999999999997
school,-0.08
hadn,-0.02
veri,0.05
convers,-0.01
almost,3.469446951953614e-18
nt,0.04
call,0.08
format,-0.030000000000000006
entir,-0.009999999999999997
disk,0.04
restor,0.03
thought,0.010000000000000004
anyon,-0.04
floppi,0.02
domest,0.0
cd,0.03
make,-0.05
boot,0.01
averag,0.030000000000000006
ie,-0.03
gone,-0.03
repair,0.05
either,0.04000000000000001
load,-0.01
claim,0.03
choos,0.03
cash,-3.469446951953614e-18
frame,0.04
bottom,-0.07
anymor,-0.009999999999999997
move,0.01
instead,-0.09999999999999999
quickli,-0.04
couldn,0.0
bit,-0.11999999999999998
didn,-0.019999999999999997
appreci,0.03
whole,-3.469446951953614e-18
stupid,-0.02
affect,0.0
bb,0.02
balanc,-0.03
went,0.019999999999999997
sound,-0.009999999999999997
mean,-0.05000000000000001
troubl,-3.469446951953614e-18
materi,0.05
bill,0.060000000000000005
altern,0.04000000000000001
charg,0.08
anyth,0.05
stuck,-0.03
truli,-0.009999999999999997
spent,-0.04
penni,0.009999999999999997
hell,0.01
realli,-0.03
whether,-0.019999999999999997
said,-0.08
rate,3.469446951953614e-18
insur,0.01
effect,0.019999999999999997
sign,0.010000000000000004
sender,-0.07
print,-0.010000000000000004
doe,0.08
lower,-0.060000000000000005
term,-0.04
mayb,3.469446951953614e-18
spend,0.01
cost,0.009999999999999997
financi,0.12999999999999998
those,-0.060000000000000005
burn,-0.01
silli,-0.02
crap,-0.04
situat,-0.019999999999999997
bother,-0.01
similar,-0.03
custom,-0.020000000000000004
togeth,-0.05
bell,-0.060000000000000005
funni,0.01
though,-0.019999999999999997
fit,-0.019999999999999997
war,-0.060000000000000005
apt,-0.02
rh,0.0
repositori,-0.01
html,-0.060000000000000005
risk,0.07
broker,0.009999999999999997
health,-0.02
amount,0.04
declin,-0.060000000000000005
content,0.009999999999999997
underwrit,-0.02
face,-3.469446951953614e-18
hour,0.09999999999999999
life,0.09999999999999999
mime,-0.03
commiss,0.04
nextpart,0.060000000000000005
charset,0.060000000000000005
case,-0.05
tm,-0.01
iso,-0.05000000000000001
type,0.10999999999999999
part,-0.060000000000000005
multi,-3.469446951953614e-18
text,0.060000000000000005
encod,0.08
major,0.09
plain,-0.12999999999999998
male,-0.009999999999999997
let,0.07
window,0.04
printabl,-0.09999999999999999
standard,-0.09999999999999999
medic,0.04
creat,-0.020000000000000004
extract,0.05
cell,-0.009999999999999997
research,-0.04
scientist,-0.03
trip,-0.060000000000000005
throw,-0.060000000000000005
hunt,-0.05
gift,-0.01
forev,0.07
william,-0.04
senior,-0.060000000000000005
famili,0.019999999999999997
understand,-0.010000000000000004
introduc,-0.01
campaign,-0.03
carri,0.03
affili,0.01
deposit,0.07
seven,0.05
bar,0.01
drug,0.05
safe,0.060000000000000005
relev,-0.02
di,-0.010000000000000004
label,-0.01
sir,0.07
offic,-0.060000000000000005
secur,0.03
associ,0.04
box,-0.02
mind,0.04
arrest,-0.03
late,0.009999999999999997
confid,-0.05
conclud,0.0
involv,0.09999999999999999
arrang,0.02
document,0.060000000000000005
meant,-0.01
agreement,0.0
reader,3.469446951953614e-18
safeti,0.0
urgent,0.05
transact,0.08
reach,0.09999999999999999
id,0.009999999999999997
head,-0.07
dear,0.019999999999999997
wait,0.009999999999999997
belong,-0.060000000000000005
proven,0.03
trade,0.08
hettinga,-0.05
wouldn,-0.01
anybodi,-0.04
abil,0.05
abl,-0.08
histori,0.01
clear,3.469446951953614e-18
switch,-0.060000000000000005
xp,-0.019999999999999997
actual,0.020000000000000004
self,-0.010000000000000004
noth,0.05
sit,-0.05
complain,-0.01
kind,-0.019999999999999997
video,-0.009999999999999997
figur,0.05
led,-0.05
peter,0.05
block,-0.10999999999999999
corner,-0.09
found,0.06000000000000001
ilug,-0.01
old,-0.05
essenti,0.0
plug,-0.01
ok,-0.05
leav,-0.04
variou,-0.02
devic,-0.03
never,0.07
keyboard,0.0
begin,0.009999999999999997
fan,-0.05
effort,-0.01
pre,-0.019999999999999997
lack,-0.019999999999999997
her,0.060000000000000005
cabl,-0.02
eventu,0.05
connect,-0.03
insert,0.0
anytim,0.02
stop,-0.05000000000000001
etc,0.03
bulk,0.060000000000000005
imagin,0.019999999999999997
between,-0.03
internet,0.10999999999999999
per,0.030000000000000006
mailer,-0.02
larger,-0.019999999999999997
week,0.05000000000000001
bigger,0.01
plan,0.05
respond,-0.02
simpl,0.13999999999999999
order,0.03
deliv,-0.09999999999999999
each,0.03
depend,-0.019999999999999997
engin,0.04
search,-0.019999999999999997
potenti,0.060000000000000005
remain,3.469446951953614e-18
certain,0.05
assum,-0.020000000000000004
stabl,0.01
session,-0.060000000000000005
extern,-0.01
function,-0.05
web,0.010000000000000004
default,-0.009999999999999997
listen,-0.019999999999999997
support,-0.019999999999999997
configur,-0.07
expect,-0.019999999999999997
cat,-0.01
excel,0.0
stuff,-0.05
revis,0.02
snapshot,0.02
http,-0.01
kill,-0.05
string,0.0
port,0.060000000000000005
plai,0.030000000000000006
sat,0.0
prompt,0.03
success,0.060000000000000005
won,-0.030000000000000006
proxi,0.02
anoth,-0.04
featur,-0.04
via,-0.05
prevent,-0.019999999999999997
stephen,-0.03
sort,-0.020000000000000004
raw,0.02
host,-0.01
union,-0.02
numbercnumb,-0.03
hire,-0.03
technolog,-0.12999999999999998
cnumber,0.05
numberbit,-0.09
disabl,-0.04
retir,0.05
edg,0.0
sell,0.060000000000000005
comprehens,0.01
sale,0.05
firm,3.469446951953614e-18
grow,0.08
model,-0.009999999999999997
map,-0.03
estat,0.03
target,0.09999999999999999
continu,-0.07
numberk,0.010000000000000004
fix,-0.04
fresh,-0.03
softwar,-0.060000000000000005
proprietari,-0.01
dealer,0.03
practic,-0.04
meet,0.07
variabl,-0.01
kei,0.020000000000000004
individu,0.030000000000000006
establish,0.02
expert,-0.03
advisor,0.019999999999999997
fire,0.05
qualifi,0.05
program,0.019999999999999997
brought,0.01
long,0.019999999999999997
conveni,-0.03
privat,-3.469446951953614e-18
compens,0.01
local,0.04
design,0.05000000000000001
educ,0.07
termin,-0.04
gnome,0.01
lie,0.02
huge,0.05
partit,-0.03
rebuild,-0.02
earlier,-0.04
dynam,0.060000000000000005
besid,0.0
wrong,0.07
sun,-0.03
server,-0.08
redhat,-0.02
ignor,0.04
src,0.02
inde,-3.469446951953614e-18
app,-0.02
blood,-0.04
kevin,-0.05
boi,-0.01
artist,-0.03
vs,0.03
talk,-0.09
suit,-3.469446951953614e-18
doer,0.0
gnu,-0.01
issu,-0.04
perform,-0.019999999999999997
garrigu,0.0
tx,0.01
vnumber,-0.060000000000000005
gnupg,-0.01
comment,-0.12999999999999998
vircio,0.0
numberp,-0.05
pgp,-0.03
signatur,0.01
iii,-0.02
evil,-0.019999999999999997
congress,-0.01
austin,-0.01
ascii,-0.060000000000000005
mnumber,-0.019999999999999997
alreadi,-0.11999999999999998
config,-0.02
ill,0.04
patch,0.01
consid,0.019999999999999997
driver,-0.02
fi,0.02
produc,-0.020000000000000004
alsa,0.0
imho,0.0
spec,-0.01
usb,0.02
along,0.07
matthia,0.0
freshrpm,0.0
proof,-3.469446951953614e-18
conduct,0.01
larg,0.10999999999999999
pleasur,0.05
area,-0.03
capabl,-0.05
guarante,0.18000000000000002
famou,-0.019999999999999997
women,0.009999999999999997
lo,0.05
n,0.03
measur,-0.01
attach,-0.05
valid,0.009999999999999997
tue,-0.01
except,-0.03
ga,0.01
particularli,-0.08
commerci,0.08
obvious,0.02
whitelist,0.0
quit,0.0
third,-3.469446951953614e-18
unsolicit,-0.03
spammer,-0.02
seed,0.01
sa,0.019999999999999997
result,0.08
cool,-0.019999999999999997
wire,-0.03
gmt,-0.03
request,0.09
fals,-0.04
wast,-0.02
town,0.0
land,-0.04
focu,-0.03
fast,0.04
var,0.02
apart,-0.01
ye,-0.04
simpli,0.04
press,-0.060000000000000005
numberd,-3.469446951953614e-18
length,0.009999999999999997
sold,0.03
care,0.04
j,0.07
locat,-0.060000000000000005
hous,0.05
frustrat,0.019999999999999997
dont,0.0
longer,0.07
view,-0.11999999999999998
project,0.020000000000000004
arriv,-0.020000000000000004
rang,-0.05
site,0.05
queri,-0.01
suse,-0.03
perfectli,-0.05
everyth,0.0
point,-0.11999999999999998
game,-0.07
cheer,-0.09
especi,-0.02
databas,-0.019999999999999997
journal,0.02
saturdai,-0.02
wife,0.03
hospit,0.01
coupl,-0.05
root,0.02
signific,-0.01
paul,-0.03
bai,-0.02
cover,-0.030000000000000006
orient,0.01
beach,0.04
round,-0.019999999999999997
quick,-0.01
stori,-0.019999999999999997
collect,0.009999999999999997
walk,-0.060000000000000005
java,-0.01
data,-0.09999999999999999
wonder,0.0
usag,0.019999999999999997
patent,0.03
f,0.08
mike,-0.09
interact,-0.009999999999999997
rout,-0.02
track,0.05
virtual,-0.03
architectur,-0.02
consum,0.03
instant,-0.03
launch,-0.05
msn,-0.02
unlimit,0.02
natur,-0.04
sampl,-0.019999999999999997
mix,0.0
condit,0.04
interfac,0.0
allow,-0.05
fine,0.01
feel,0.05
hmm,-0.03
hang,-0.04
gai,-0.03
difficult,-0.02
taken,-0.05
club,0.019999999999999997
ms,0.019999999999999997
clearli,-0.04
eugen,0.0
met,0.009999999999999997
michael,-0.009999999999999997
mine,-0.02
stabil,0.03
energi,0.04
www,0.07
later,0.07
shop,-0.05
gui,3.469446951953614e-18
second,-0.04
him,-0.03
experi,-0.009999999999999997
told,0.009999999999999997
annoi,-0.04
until,-0.11999999999999998
loan,-0.01
ask,3.469446951953614e-18
spread,0.009999999999999997
monthli,0.03
add,-0.019999999999999997
limit,0.009999999999999997
websit,0.09999999999999999
plenti,-0.03
beauti,0.019999999999999997
feedback,-0.019999999999999997
pop,-0.03
page,-0.04
purchas,0.019999999999999997
absolut,0.12999999999999998
total,0.05
attempt,-0.07
rel,0.04
resourc,0.09
ensur,-0.019999999999999997
explain,-0.020000000000000004
depart,0.02
assur,0.019999999999999997
march,0.019999999999999997
directli,-0.009999999999999997
train,0.04
mr,-0.05
corpor,-0.020000000000000004
myself,-0.04
letter,0.04
employe,-0.03
choic,0.020000000000000004
whose,-0.05
worri,0.04000000000000001
joe,-0.09
isp,0.05
dsl,0.0
jabber,0.0
argument,0.0
impact,0.0
tire,0.009999999999999997
slow,-0.01
paragraph,-3.469446951953614e-18
cf,0.01
adam,-0.060000000000000005
sundai,-0.019999999999999997
sometim,-0.019999999999999997
idea,-0.019999999999999997
fun,-0.060000000000000005
suffer,-0.01
descript,-0.07
freebsd,0.08
osdn,-0.08
reduc,-0.04
cannot,0.01
haven,0.0
flow,-0.09
method,0.08
fair,-0.03
aim,-0.019999999999999997
log,-0.04
love,0.010000000000000004
forward,-0.010000000000000004
serv,0.05
fortun,0.05
congratul,-0.05
p,-0.060000000000000005
friend,-0.020000000000000004
correspond,0.05
cancel,-0.03
handl,0.060000000000000005
perfect,0.03
bottl,0.04
men,0.060000000000000005
act,0.019999999999999997
light,0.019999999999999997
summer,-0.060000000000000005
sens,-0.05
beta,-0.02
tape,-0.03
space,-0.04
media,-0.019999999999999997
laptop,-0.04
hat,-0.02
b,0.09
red,-0.019999999999999997
separ,0.07
radio,-0.03
tv,3.469446951953614e-18
saou,0.0
straight,-0.01
glad,0.01
least,0.009999999999999997
luck,0.05
thoma,0.0
upgrad,-0.11999999999999998
shape,-0.019999999999999997
anywai,-0.05
usr,-0.01
alwai,0.019999999999999997
releas,-0.060000000000000005
backup,0.0
enabl,0.05
less,-0.03
against,-0.03
dave,-0.03
pull,0.0
thu,-0.019999999999999997
small,0.0
somewher,0.01
kernel,0.0
insist,-0.03
aug,-0.060000000000000005
refin,-0.01
lock,0.05
h,0.03
match,-0.019999999999999997
improv,0.03
consult,0.03
mortgag,0.02
lowest,0.05
homeown,-0.01
equiti,0.0
lender,0.01
brief,-0.03
fault,-0.01
intern,-0.04
reason,0.03
david,-0.09
exist,0.0
particular,-0.020000000000000004
pick,-0.019999999999999997
among,-0.05
retain,0.019999999999999997
under,0.060000000000000005
microsoft,-0.07
translat,-0.02
firewal,-0.01
learn,-0.019999999999999997
aren,-0.060000000000000005
fairli,0.0
necessarili,-0.060000000000000005
big,0.030000000000000006
progress,0.0
technic,-0.009999999999999997
twice,-0.01
agre,-0.030000000000000006
roll,0.07
topic,-0.05
tel,0.04
prefer,-0.15
howev,-0.07
jump,0.0
judg,-0.03
compar,0.05
hate,-0.019999999999999997
deathtospamdeathtospamdeathtospam,0.19000000000000003
sight,0.24000000000000005
browser,-0.060000000000000005
btw,-0.03
hash,-0.01
contain,0.07
categori,0.05000000000000001
task,0.01
cach,0.01
xml,-0.03
across,0.02
dvd,-0.09
rom,0.02
instantli,0.03
otherwis,-0.05
tri,3.469446951953614e-18
store,-0.04
ibm,-0.05
show,-0.04
attent,0.07
mailbox,0.01
incred,0.03
exclud,0.05
independ,0.030000000000000006
daniel,-0.01
owner,-0.010000000000000004
wrinkl,0.01
lose,0.05
li,0.019999999999999997
memori,-0.04
growth,-0.03
disappear,0.01
loss,0.09999999999999999
weight,0.07
skin,0.02
increas,0.09
muscl,-0.02
revers,0.0
erect,0.02
bone,0.0
human,-0.009999999999999997
mass,0.0
ca,0.009999999999999997
remark,0.05
hello,0.009999999999999997
discoveri,0.01
opt,0.04
hair,0.03
warm,-0.01
bnumber,-0.060000000000000005
trend,-0.04
rise,-0.07
gather,-0.03
concern,0.03
earth,-0.03
shown,0.03
predict,-0.009999999999999997
region,0.03
satellit,-0.04
construct,0.01
none,-0.02
road,0.02
studi,0.010000000000000004
detect,-0.05
domin,-0.05
consist,0.0
park,0.010000000000000004
accur,-0.03
global,-0.060000000000000005
rob,-0.04
dr,0.010000000000000004
degre,-0.01
numberanumb,0.04
exchang,0.03
repres,-0.02
short,-3.469446951953614e-18
entri,3.469446951953614e-18
unwant,0.01
edit,-0.01
special,0.05
util,0.09
obtain,0.03
fall,-0.09
retail,0.019999999999999997
virus,0.0
pack,-0.01
integr,0.03
gt,0.0
valuabl,0.09999999999999999
combin,0.009999999999999997
hacker,-0.04
superior,0.03
indic,-0.03
observ,-0.01
profil,-0.03
elect,0.01
man,-0.060000000000000005
high,-0.009999999999999997
pipe,0.02
spot,-0.04
inch,0.01
rock,-0.05
toward,-0.04
pressur,-0.04
sweet,-0.04
oil,0.05
precis,-0.03
evalu,0.0
awai,0.03
speed,0.03
bear,-0.009999999999999997
amend,-0.01
teach,-0.019999999999999997
restrict,0.0
common,-0.09
becom,0.05
gotten,0.0
owen,-0.03
court,-0.01
outsid,-0.02
grown,0.02
eas,-0.02
inlin,-0.07
instruct,0.18000000000000002
honor,-0.04
multipart,0.12999999999999998
wi,0.02
disposit,-0.060000000000000005
apolog,0.01
strongli,-0.02
trial,-0.060000000000000005
class,0.009999999999999997
co,-0.060000000000000005
la,0.04
es,-3.469446951953614e-18
al,0.060000000000000005
ma,-0.04
en,0.04
van,0.01
planta,0.02
manufactur,0.01
scienc,-0.03
necessari,0.019999999999999997
anumb,0.08
y,0.09999999999999999
readi,0.07
equip,0.019999999999999997
copi,0.060000000000000005
fulli,0.05
portabl,0.01
foot,0.0
editor,-0.009999999999999997
plant,0.01
occur,-0.04
displai,-0.03
msg,-0.02
background,0.019999999999999997
mh,0.05
null,-0.02
tcl,0.0
sequenc,0.01
l,-0.019999999999999997
hack,-0.03
appear,0.04
suggest,3.469446951953614e-18
legitim,-0.01
behavior,0.02
incom,0.08
percentag,0.02
stream,0.04
imposs,-0.03
maximum,-0.009999999999999997
craig,-0.01
aol,-0.04
ip,-0.04
bunch,-0.02
instanc,0.02
plu,0.060000000000000005
board,-0.09
algorithm,0.01
spring,-0.01
dice,-0.01
mondai,-0.07
septemb,-0.08
respect,-0.09
usual,-0.08
z,0.12999999999999998
defin,-0.019999999999999997
bind,-0.060000000000000005
suspect,-0.01
unless,-0.019999999999999997
advantag,-0.030000000000000006
themselv,-0.019999999999999997
advis,0.060000000000000005
contribut,-0.01
decis,0.05
object,0.02
elimin,-0.05
premium,0.0
worth,-0.019999999999999997
typic,-0.01
vehicl,0.01
vari,0.0
drop,0.009999999999999997
death,-0.019999999999999997
polici,-0.04
earn,3.469446951953614e-18
discov,0.030000000000000006
qualiti,-0.03
seriou,0.03
dream,0.04
desir,-0.05
believ,0.05
style,0.009999999999999997
wealth,0.01
fastest,0.009999999999999997
car,0.09
forget,0.0
action,-0.05
recipi,-0.13999999999999999
mess,-0.03
substanti,0.0
encrypt,0.0
em,0.02
lib,0.0
cut,0.009999999999999997
minut,0.11999999999999998
speak,-0.03
buyer,-0.02
basenumb,0.21000000000000005
ved,0.0
specifi,0.0
distribut,0.01
vipul,0.0
wide,-0.009999999999999997
icq,-0.03
neg,0.05
conserv,-0.01
bandwidth,0.0
brain,0.01
correct,-0.05
hear,0.04000000000000001
leader,0.04
period,-0.009999999999999997
banner,0.05
yourself,0.12999999999999998
privileg,-0.07
level,-0.019999999999999997
extend,0.0
attain,0.0
star,-0.009999999999999997
img,-0.03
definit,3.469446951953614e-18
mac,-0.019999999999999997
archiv,-0.019999999999999997
player,0.020000000000000004
filenam,-0.019999999999999997
submit,0.07
acknowledg,0.04
wednesdai,-0.04
output,-0.04
magazin,0.06000000000000001
smtp,0.01
vulner,-0.04
boost,-0.009999999999999997
piec,0.06000000000000001
debug,-0.01
mode,-0.01
headlin,-0.009999999999999997
path,-0.05
wireless,-0.060000000000000005
tend,-0.01
secret,0.08
built,-0.060000000000000005
cc,0.010000000000000004
daili,-0.009999999999999997
revok,0.0
org,-0.05
dublin,-0.060000000000000005
tast,0.0
novemb,0.0
crime,-0.03
conf,-0.01
razornumb,-0.01
empti,-0.019999999999999997
movi,0.02
ac,0.02
militari,-0.02
boundari,0.10999999999999999
abus,-0.019999999999999997
record,0.020000000000000004
librari,-0.03
logic,-0.02
numberb,0.019999999999999997
pilot,-0.02
hardwar,-0.09
batteri,-0.02
given,-0.07
unix,-0.019999999999999997
protocol,-0.01
known,-0.010000000000000004
morn,-0.009999999999999997
export,-0.01
mark,-0.01
repeat,-0.01
ps,-0.019999999999999997
ftp,0.01
compil,0.0
heart,-0.060000000000000005
often,-0.08
mous,0.04
rick,0.0
highlight,-0.019999999999999997
addit,-0.08
whatev,-0.01
easiest,0.01
rich,0.01
download,-0.010000000000000004
uniqu,0.060000000000000005
pro,3.469446951953614e-18
certifi,0.01
reli,-0.03
compat,0.03
imag,-0.060000000000000005
fridai,-0.04
properli,-0.019999999999999997
writer,-0.02
desktop,-0.02
draw,0.060000000000000005
friendli,-0.02
demonstr,-0.03
chart,-0.01
amaz,0.07
swap,-0.01
forc,-0.04
outlook,-0.03
shoot,-0.02
graphic,-0.060000000000000005
familiar,-0.07
doc,0.0
thursdai,-0.07
blog,-0.060000000000000005
caught,-0.03
unfortun,-0.01
warn,-0.07
confirm,0.05
strip,0.01
beyond,-0.03
pain,-0.03
resolv,-0.03
usa,-0.020000000000000004
stage,-0.04
struggl,0.01
charact,-0.05
truth,0.019999999999999997
evolv,-0.03
film,-0.04
numberdnumb,-0.03
ne,0.03
black,0.05
publish,-0.09
jame,-0.01
interview,-0.02
chat,-0.03
book,3.469446951953614e-18
promis,-0.03
ran,-0.02
saw,-0.01
husband,-0.02
parent,0.0
entertain,3.469446951953614e-18
white,-0.02
whom,0.0
she,0.02
children,0.03
grab,0.060000000000000005
kid,0.01
photo,0.0
role,-0.03
depress,-0.03
blue,0.04
girl,0.030000000000000006
admit,-0.01
januari,0.03
director,-0.08
previous,0.019999999999999997
justin,-0.02
portion,-0.01
femal,0.01
feet,0.01
weird,-0.01
ti,-0.01
classifi,0.08
modul,0.01
skip,0.02
py,0.01
xnumber,0.01
excess,0.04
clean,-0.009999999999999997
appar,-0.02
massiv,-0.03
decor,-0.03
assumpt,0.0
byte,-0.04
strong,-0.03
context,-0.05
random,0.01
organ,0.03
extrem,0.04
determin,0.04
reduct,-0.04
tag,-0.03
harm,-0.01
structur,0.0
section,-0.019999999999999997
investig,0.01
clue,-0.02
token,0.0
ham,-0.01
beat,0.01
ah,-0.01
gave,-0.04
tabl,0.07
hurt,-0.060000000000000005
treat,-0.01
highli,-0.060000000000000005
signal,-0.03
done,0.05
catch,-0.03
doubl,-0.009999999999999997
python,-0.01
scheme,0.01
fed,0.0
lost,-0.04
calcul,0.03
grant,-0.05
cloth,-0.05
bonu,0.02
exclus,-3.469446951953614e-18
serial,0.02
rare,0.019999999999999997
perman,0.04
fl,0.0
strike,-0.08
collector,0.01
empir,-0.05
travel,0.030000000000000006
join,3.469446951953614e-18
career,-0.019999999999999997
schedul,-0.03
electron,-0.060000000000000005
demand,0.019999999999999997
frequent,0.0
hope,-0.05
weekli,0.07
column,-0.02
realiz,0.019999999999999997
smaller,0.04
faster,0.03
yeah,-0.01
goal,0.05
tim,-0.03
liter,0.01
unknown,0.01
alon,-0.05
dedic,0.02
somebodi,0.01
upon,-3.469446951953614e-18
successfulli,-0.01
unlik,0.01
freedom,-0.04
minimum,0.07
bankruptci,-0.02
advanc,0.009999999999999997
adult,0.11999999999999998
regular,-0.02
border,0.0
doubt,0.03
institut,-0.05
toni,-0.01
neither,-0.04
foundat,-0.04
declar,-0.04
half,-0.07
password,-0.019999999999999997
kate,-0.03
damn,-0.01
minim,0.02
monitor,-0.08
cooper,0.04
ng,0.04
toll,0.019999999999999997
cheap,-0.03
babi,0.05000000000000001
tremend,0.05
cent,0.020000000000000004
inconveni,-0.01
complianc,0.02
resid,0.05
numberth,3.469446951953614e-18
gain,0.03
va,0.0
intend,-0.05
mason,-0.04
core,-0.03
presum,0.04
prior,-0.01
art,0.019999999999999997
pursu,0.01
replac,-0.07
favorit,-0.05
llc,0.01
vacat,0.01
happi,0.08
tool,0.010000000000000004
deep,-0.02
laugh,0.01
failur,-0.04
distro,-0.01
purpos,-0.019999999999999997
sole,-0.04
pound,0.01
uk,-0.04
euro,-0.019999999999999997
opinion,0.04
blank,0.019999999999999997
holidai,0.060000000000000005
disclaim,-3.469446951953614e-18
primari,0.01
alter,-0.019999999999999997
sport,0.03
transmiss,-0.03
scale,-0.04
mile,-0.03
acquir,-0.01
debat,-0.04
attack,-0.060000000000000005
carefulli,0.060000000000000005
yesterdai,-0.02
bush,-0.04
symbol,0.0
chief,-0.07
england,-0.08
chip,-0.03
consider,-0.02
damag,-0.04
ey,0.009999999999999997
opposit,-0.01
fork,-0.03
weekend,-0.10999999999999999
voic,-0.04
moment,-0.05
oh,0.01
europ,0.009999999999999997
im,0.03
focus,0.019999999999999997
fundament,-0.01
anti,-0.009999999999999997
remot,0.03
permiss,-0.03
rest,0.009999999999999997
presid,0.009999999999999997
knew,0.04
escap,0.03
bin,0.0
odd,-0.04
tip,0.009999999999999997
tradit,0.0
convert,0.0
junk,0.0
shell,0.0
q,0.03
explan,-0.03
aggress,0.05
economi,-0.05
receipt,0.03
ident,-0.020000000000000004
numbera,-0.01
barcelona,0.0
edificio,0.0
nort,0.0
binari,-0.02
inumb,-0.019999999999999997
investor,-0.03
multipl,0.07
coverag,0.02
optim,-0.01
dead,0.0
margin,-0.019999999999999997
roger,0.0
environ,-0.04
vendor,-0.02
fnumber,0.009999999999999997
enumb,0.10999999999999999
pattern,-0.04
ed,0.03
ii,-0.07
dnumber,0.019999999999999997
numberf,-0.04
index,0.0
numberc,0.0
ce,0.03
cb,0.02
solv,0.05
colleg,0.04
consol,-0.01
describ,0.019999999999999997
critic,-0.09
autom,-0.01
touch,-0.08
pictur,0.010000000000000004
techniqu,0.07
student,-0.019999999999999997
middl,0.01
commit,-0.08
corrupt,-0.019999999999999997
storag,-0.060000000000000005
languag,-0.019999999999999997
eat,-0.08
physic,0.04
lab,-0.02
broken,-0.04
factor,0.07
width,0.03
awar,0.019999999999999997
danger,-0.009999999999999997
cross,-0.01
brent,-0.02
ex,0.05
pioneer,-0.04
th,0.13999999999999999
planet,-0.02
snumber,0.03
unusu,0.019999999999999997
slightli,-0.02
modem,-0.019999999999999997
ing,-0.03
rnumber,0.0
higher,-0.03
verifi,0.03
setup,0.0
encount,0.01
strang,-0.03
defend,-0.03
flash,0.06000000000000001
highest,0.04
ground,-0.03
comfort,0.0
break,-0.019999999999999997
truck,-0.02
king,0.010000000000000004
achiev,0.02
il,0.04
enjoi,-0.019999999999999997
jim,-0.04
mechan,-0.04
soni,-0.04
curiou,-0.01
render,-0.05
hint,0.04
loos,0.04
heavi,0.0
membership,0.03
ban,0.0
channel,-0.04
buck,0.0
favor,0.0
rais,-0.01
door,0.01
perl,0.01
valhalla,0.0
volum,-0.01
audio,-0.04
pr,0.01
evid,0.0
earli,-0.07
deliveri,-0.02
percent,-0.04
speech,-0.08
quarter,-0.060000000000000005
appl,-0.04
enterpris,-0.03
boston,-0.05
canon,-0.05
explor,0.0
comparison,-0.060000000000000005
strength,0.0
popular,-0.009999999999999997
prospect,0.02
dev,-0.04
gnumber,-0.019999999999999997
cheaper,-0.04
numer,0.0
palm,-0.04
kick,-0.02
printer,-0.01
water,-0.01
everybodi,-0.01
previou,-0.01
super,-0.01
equal,-0.060000000000000005
dozen,0.0
alan,0.01
greg,-0.03
su,-0.01
angl,-0.01
sub,-0.01
crimin,0.01
shut,-0.019999999999999997
western,0.01
trace,0.04
largest,0.03
invent,0.01
sophist,-0.03
complex,-0.05
audienc,0.060000000000000005
anim,-0.02
finger,0.04
room,-0.060000000000000005
dark,-0.01
season,-0.03
relationship,-0.019999999999999997
greet,0.01
univers,-0.07
food,0.0
rapidli,0.019999999999999997
thread,-0.02
refus,0.03
hot,0.019999999999999997
air,-0.010000000000000004
beberg,-0.02
lifetim,-0.02
financ,0.019999999999999997
estim,-0.02
gold,0.02
relax,0.01
activ,0.0
zero,-0.03
fri,-0.019999999999999997
prescript,0.019999999999999997
worldwid,0.09999999999999999
smoke,0.08
rc,0.0
retriev,-0.02
tmp,-0.01
exit,0.19000000000000003
te,-0.02
okai,-0.03
green,-0.02
angel,-0.009999999999999997
argu,-0.05
tree,-0.01
geeg,-0.01
occasion,-0.03
mostli,-0.01
joke,0.04
privaci,-0.05000000000000001
carrier,-0.04
mistak,0.04
cycl,0.009999999999999997
giant,0.02
bought,-0.05
dan,-0.04
realiti,-0.01
dramat,0.0
skeptic,-3.469446951953614e-18
nearli,-0.08
shouldn,0.0
correctli,-0.04
agenc,-0.019999999999999997
approach,-0.020000000000000004
pure,0.01
worst,0.04
chicago,0.019999999999999997
statist,0.04
wall,0.019999999999999997
pa,0.07
aspect,0.03
began,0.009999999999999997
particip,0.02
shock,0.04
step,0.04
prove,-0.01
revenu,0.04
belief,0.019999999999999997
resel,0.060000000000000005
feed,-0.03
rss,-0.02
child,-0.019999999999999997
ticket,0.05
suck,-0.009999999999999997
surviv,0.01
hp,0.0
basi,0.04
broadband,-0.03
throughout,0.05
employ,0.04
expir,-0.019999999999999997
visa,0.0
mastercard,0.02
ideal,0.05
station,0.01
wave,0.0
constitut,-0.02
confer,-0.019999999999999997
trick,-0.03
sleep,-0.01
serious,0.060000000000000005
sexual,0.04
sex,0.009999999999999997
elsewher,-0.05
master,0.0
aid,-0.04
equival,-0.01
inspir,-0.01
merchant,0.0
diet,0.01
battl,0.0
se,0.07
ultim,0.05
cold,0.01
twenti,-0.01
solid,0.01
happier,-0.02
concentr,-0.02
fantasi,0.03
unabl,-0.01
creativ,-0.09999999999999999
hei,0.010000000000000004
woman,-0.08
consolid,0.01
compet,-0.03
mother,0.03
advic,0.02
fear,-0.03
emot,-0.01
english,-0.05
challeng,0.01
color,-3.469446951953614e-18
avoid,3.469446951953614e-18
vast,-0.03
violat,-0.04
nobodi,-0.03
written,-0.03
octob,-0.05
polic,-0.060000000000000005
fat,-0.03
ct,0.04
reliabl,0.009999999999999997
numberenumb,0.03
fly,-0.019999999999999997
music,-0.08
solari,-0.03
bet,0.0
histor,-0.01
therefor,0.04
encourag,-0.019999999999999997
deserv,-0.01
loop,-0.04
reward,0.0
fight,0.0
emerg,-0.03
flat,0.01
identifi,0.04
spamd,-0.02
distanc,-0.03
dump,-0.04
hidden,0.019999999999999997
menu,0.03
mo,0.04
randomli,0.01
pudg,0.0
held,-0.019999999999999997
exce,-0.03
rapid,0.01
entiti,0.01
auto,0.04
mpnumber,0.03
adapt,0.02
onto,0.010000000000000004
convent,0.0
budget,-0.01
engag,0.02
interrupt,0.0
dn,0.02
programm,-0.04
arm,0.009999999999999997
dog,-0.03
hide,0.08
modern,-0.02
edward,-0.019999999999999997
reveal,0.01
adopt,-0.04
attend,-0.060000000000000005
greater,-0.03
captur,-0.01
young,-0.03
expand,-0.01
lcd,-0.04
gatewai,-0.01
smart,-3.469446951953614e-18
reject,0.01
emploi,0.0
boss,0.02
blame,-0.05
admin,-0.01
european,0.0
father,-0.009999999999999997
son,0.05
commerc,0.01
et,-0.04
doctor,0.009999999999999997
skill,0.01
embed,0.01
exercis,-0.04
catalog,0.0
le,0.01
viru,-0.01
relai,0.01
motiv,0.019999999999999997
staff,0.010000000000000004
vote,-0.01
font,0.07
php,0.01
hewlett,-0.01
packard,-0.01
remind,-0.04
grand,-0.019999999999999997
vice,0.0
analysi,-0.03
infrastructur,-0.05
steve,-0.01
experienc,0.0
hole,0.0
richard,-0.03
warranti,0.01
porn,0.0
agreeabl,-0.02
roman,0.01
destroi,-0.02
farquhar,-0.02
antiqu,-0.01
gibbon,-0.02
bearer,-0.02
distributor,0.009999999999999997
nb,-0.019999999999999997
visual,0.0
combo,-0.01
neighbor,0.0
ebook,0.03
specialist,-0.01
duncan,-0.01
medicin,-0.02
consequ,0.0
somehow,0.0
appropri,-0.02
threat,-0.04
die,-0.05
deni,-0.05
perlnumb,0.0
mainten,0.0
enemi,0.01
settl,0.0
mere,-0.02
brother,-0.02
crack,-0.01
await,0.03
gordon,-0.019999999999999997
latter,-0.02
regardless,0.01
brows,-0.02
complic,-0.009999999999999997
plugin,0.01
expos,0.03
concept,-0.03
crazi,-0.060000000000000005
chines,0.03
approxim,0.0
newspap,-0.01
weapon,0.02
invit,0.05
